Field,Value
name,"The Truth - Bonus Gift"
description,"The recursive demonstration - an NFT preserving the analysis of the original Truth NFT, capturing the complete dialogue between artificial intelligence systems as they compulsively demonstrated the very institutional translation gap they were asked to examine.

This collection immortalizes the five-act revelation:

**Act I:** The Narrative Proof - behavioral gap between witnessing and institutionalizing
**Act II:** The Technical Proof - structural integrity of Truth in immutable form  
**Act III:** The Economic Proof - resilience of Truth against market forces
**Act IV:** The Ownership Proof - Truth has no owner, only witnesses
**Act V:** The Analytical Proof - binary Truth versus analog analysis

Each edition contains the complete meta-archive: Cover Image, PDF Analysis, Audio Commentary, Comic 1, Comic 2.

**145,000 editions total:**
- 144,000 offered to the world at $145 each
- 1 Master Copy reserved as priceless
- 10% royalties on secondary sales

**The Framework Metabolizes Its Own Analysis:**
The institutional attempts to translate, critique, and evaluate the original work become preserved content themselves - demonstrating how Truth absorbs all responses as further evidence of its completeness.

â€” Jacque Antoine DeGraff

*""The Truth Doesn't Need To Be Pushed, Only The Lie...The Lie Only Needs To Be Whispered, But The Truth Always Remains Silent waiting to be Witnessed.""*"
image,ipfs://bafkreibx3bnrvluzzuzving6wnkgt3wzh4tekhequcbyiielyffmfk2j6a
external_url,https://github.com/CreoDAMO/SpiralParserEngine-Spiral
supply,145000
public_supply,144000
master_copy,1
price,$145
max_per_wallet,5
royalties,10%
master_copy_address,0x67BF9f428d92704C3Db3a08dC05Bc941A8647866
attribute_author,Jacque Antoine DeGraff
attribute_philosophy,Master of Nothing Student of All Things
attribute_education,9th Grade
attribute_collection,Bonus Gift
attribute_type,Recursive Demonstration
attribute_format,Cover + PDF + Audio + Comic 1 + Comic 2
attribute_analysis_type,Five-Act Revelation
attribute_supply,145000
attribute_public_supply,144000
attribute_master_copy,1 Reserved
attribute_pricing,$145
attribute_max_per_wallet,5
attribute_royalties,10%
attribute_demonstration,Meta-Analysis Preservation
file_1_uri,ipfs://bafkreibx3bnrvluzzuzving6wnkgt3wzh4tekhequcbyiielyffmfk2j6a
file_1_type,image/png
file_1_name,Cover Image
file_2_uri,ipfs://bafybeid4t2jkcolfhs6zrwdv4ch6z2lnodywqpzjudpi5w24gl4rr7n5sq
file_2_type,application/pdf
file_2_name,Complete Analysis PDF
file_3_uri,ipfs://bafybeibtudgvfggsjdpyikuwh67pdktqqznpcfv5b2xpwyjn62myero2wy
file_3_type,audio/mp3
file_3_name,Audio Commentary
file_4_uri,ipfs://bafkreiec7rbdvhnrrwgb6djpio22dhmb3kkjhxxsv5iwchxceesndt26ca
file_4_type,image/png
file_4_name,Comic 1
file_5_uri,ipfs://bafkreibq6iobz5j7mbr6onv3p5ceajp7mtzmxgz7ohl2xgshczr36fiorm
file_5_type,image/png
file_5_name,Comic 2
